<?xml version="1.0" encoding="UTF-8"?>

<beans xmlns="http://www.springframework.org/schema/beans"
       xmlns:xsi="http://www.w3.org/2001/XMLSchema-instance"
       xmlns:aop="http://www.springframework.org/schema/aop"
       xmlns:jdbc="http://www.springframework.org/schema/jdbc"
       xsi:schemaLocation="http://www.springframework.org/schema/beans http://www.springframework.org/schema/beans/spring-beans-3.1.xsd
		http://www.springframework.org/schema/aop http://www.springframework.org/schema/aop/spring-aop-3.1.xsd
		http://www.springframework.org/schema/jdbc http://www.springframework.org/schema/jdbc/spring-jdbc-3.1.xsd">
  <aop:aspectj-autoproxy/>

  <jdbc:embedded-database id="dataSource" />

  <jdbc:initialize-database data-source="dataSource">
      <jdbc:script location="classpath:db-schema.sql" />
  </jdbc:initialize-database>

  <bean id="dataSource"
            class="org.springframework.jdbc.datasource.DriverManagerDataSource">
          <property name="driverClassName" value="org.hsqldb.jdbcDriver" />
          <property name="url" value="jdbc:h2:~/flightsmanagement" />
          <property name="username" value="sa" />
          <property name="password" value="" />
      </bean>

  <bean id="jim" class ="com.pluralsight.springaop.flightsmanagement.domain.Passenger">
      <property name="name" value="Jim"/>
      <property name="country" value="US" />
  </bean>

  <bean id="jack" class ="com.pluralsight.springaop.flightsmanagement.domain.Passenger">
      <property name="name" value="Jack"/>
      <property name="country" value="UK" />
  </bean>
  
  <bean id="jill" class ="com.pluralsight.springaop.flightsmanagement.domain.Passenger">
      <property name="name" value="Jill"/>
      <property name="country" value="AU" />
  </bean>
  
  <bean id="flight" class= "com.pluralsight.springaop.flightsmanagement.domain.Flight">
       <property name="id" value="AA1234"/>
       <property name="company" value="ABC Flights"/>
       <property name="passengers">
          <list>
              <ref bean="jim"/>
              <ref bean="jack"/>
              <ref bean="jill"/>
          </list>
       </property>
  </bean>

  <bean id="ticket" class= "com.pluralsight.springaop.flightsmanagement.domain.Ticket">
       <property name="passenger" ref="jim"/>
       <property name="number" value="1234567890"/>
  </bean>

  <bean id="passengerDaoImpl" class="com.pluralsight.springaop.flightsmanagement.dao.PassengerDaoImpl">
       <property name="dataSource" ref="dataSource" />
  </bean>

  <bean name="loggingAspect1" class = "com.pluralsight.springaop.flightsmanagement.aspects.LoggingAspect1"/>
  <bean name="loggingAspect2" class = "com.pluralsight.springaop.flightsmanagement.aspects.LoggingAspect2"/>
  <bean name="cachingAspect" class = "com.pluralsight.springaop.flightsmanagement.aspects.CachingAspect"/>
  <bean name="countryDoesNotExistAspect" class = "com.pluralsight.springaop.flightsmanagement.aspects.CountryDoesNotExistAspect"/>
</beans>